<IFX>
   <SignonRq>
      <SignonPswd>
         <SignonRole>CSR</SignonRole>
         <CustId>
            <SPName>FiservICBS</SPName>
            <CustLoginId>FTUSER</CustLoginId>
         </CustId>
         <CustPswd>
            <CryptType>NONE</CryptType>
            <Pswd>FT@uat01</Pswd>
         </CustPswd>
         <GenSessKey>0</GenSessKey>
      </SignonPswd>

      <ClientApp>
         <Org>Fiserv</Org>
         <Name>FT</Name>
         <Version>0.1</Version>
         <ClientAppKey>BOCSRVRHECGNSYSQCUWRJDHKRFDBNTGN</ClientAppKey>
      </ClientApp>

      <ComputerId>SGPVMAPRDEV03</ComputerId>
      <InstitutionCode>BOCSR</InstitutionCode>
   </SignonRq>

   <EnvironmentInfo>
      <EnvironmentName>default</EnvironmentName>
   </EnvironmentInfo>

   <MaintSvcRq>
      <RqUID>{{UUID}}</RqUID>
      <SPName>FiservICBS</SPName>

      <AcctCustInqRq>
         <RqUID>{{UUID}}</RqUID>
         <SPName>FiservICBS</SPName>
         <BankAcctId>
            <AcctType>{{ACCTTYPE}}</AcctType>
            <AcctId>{{ACCTNO}}</AcctId>
         </BankAcctId>
      </AcctCustInqRq>
   </MaintSvcRq>
</IFX>
