<IFX>
   <SignonRq>
      <SignonPswd>
         <SignonRole>CSR</SignonRole>

         <CustId>
            <SPName>FiservICBS</SPName>
            <CustLoginId>FTUSER</CustLoginId>
         </CustId>

         <CustPswd>
            <CryptType>NONE</CryptType>
            <Pswd>FT@uat01</Pswd>
         </CustPswd>

         <GenSessKey>0</GenSessKey>
      </SignonPswd>

      <ClientApp>
         <Org>Fiserv</Org>
         <Name>IB</Name>
         <Version>0.1</Version>
         <ClientAppKey>BOCSRVRHECGNSYSQCUWRJDHKRFDBNTGN</ClientAppKey>
      </ClientApp>

      <ComputerId>SGPVMAPRDEV03</ComputerId>
      <InstitutionCode>BOCSR</InstitutionCode>
   </SignonRq>

   <EnvironmentInfo>
      <EnvironmentName>default</EnvironmentName>
   </EnvironmentInfo>

   <CIFSvcRq>
      <RqUID>{{UUID}}</RqUID>
      <SPName>FiservICBS</SPName>

      <CustProfBasicInqRq>
         <RqUID>{{UUID}}</RqUID>
         <CustId>
            <SPName>FiservICBS</SPName>
            <CustPermId>{{ACCNO}}</CustPermId>
         </CustId>
      </CustProfBasicInqRq>
   </CIFSvcRq>
</IFX>
